{
  "bounds": {
    "west": 26.490329581872157,
    "south": -33.647207450452385,
    "east": 26.611781808285116,
    "north": -33.55575895452902
  },
  "crs": "EPSG:4326",
  "width": 1352,
  "height": 1018,
  "transform": [
    8.983152841195204e-05,
    0.0,
    26.490329581872157,
    0.0,
    -8.983152841195101e-05,
    -33.55575895452902
  ],
  "nodata": null
}